delta,amp_lo,amp_hi,N_total,N_keep,N_erasure,Erasure_frac,Erasure_atom,Erasure_bkd,Erasure_TP,Erasure_TN,Erasure_FP,Erasure_FN,Keep_TP,Keep_TN,Keep_FP,Keep_FN,F1_data,F0_data,f_kept,F_data,N_error,N_correct,N_erase_error,N_erase_correct,P_erase_given_error,P_erase_given_correct,mean_dist_to_thld,median_dist_to_thld,eps_atom_cdf,eps_bkd_cdf,eps_cdf,F1_cdf,F0_cdf,F1_cond_cdf,F0_cond_cdf,f_kept_cdf,F_cdf,P_erase_error_cdf,P_erase_correct_cdf,eps_atom_loss,eps_loss,F1_loss,F0_loss,F1_cond_loss,F0_cond_loss,f_kept_loss,F_loss_cdf,P_erase_error_loss,P_erase_correct_loss
0.0,0.3,0.3,27216,27216,0,0.0,0,0,0,0,0,0,15329,11741,22,124,0.9919756681550508,0.9981297288106775,0.5677910052910053,0.9946355085243974,146,27070,0,0,0.0,0.0,,,0.0,0.0,0.0,0.9977401907190341,0.9999999498966129,0.9977401907190341,0.9999999498966129,0.5677910052910053,0.9987168789614599,0.0,0.0,0.0,0.0,0.9977170103175007,0.9999999498966129,0.9977170103175007,0.9999999498966129,0.5677910052910053,0.9987037173379701,0.0,0.0
0.02764668,0.27235332,0.32764667999999997,27216,27175,41,0.001506466784244562,22,19,13,18,1,9,15316,11723,21,115,0.9925474693798199,0.9982118528610354,0.567838086476541,0.9949954001839927,146,27070,10,31,0.0684931506849315,0.0011451791651274474,0.015936239837398083,0.018305000000001403,0.00015798380275373718,6.275041745107401e-07,8.997299513368131e-05,0.9976599484077975,0.9999993693147959,0.9978175874247135,0.9999999968189685,0.567752385891473,0.9987609286783883,0.03441701800525287,4.587065284704505e-05,0.00015942964966356816,9.079393400411114e-05,0.9976359590256921,0.9999993693147959,0.9977950371388992,0.9999999968189685,0.567752031010384,0.998748126482313,0.03434652654753582,4.6331185452005e-05
0.05529336,0.24470663999999998,0.35529336,27216,27137,79,0.0029027042915931805,38,41,20,39,2,18,15309,11702,20,106,0.9931235809276678,0.9982938065176591,0.5680436304676272,0.9953568928031838,146,27070,20,59,0.136986301369863,0.002179534540081271,0.02811251054852283,0.027642500000000014,0.0003161063305265983,6.351827166239943e-06,0.0001822276480226339,0.9975771351272897,0.9999936480115806,0.9978925752875236,0.9999999998387459,0.5677149763246997,0.9988035833595426,0.06774296084500667,9.542767500686299e-05,0.0003190130627426257,0.00018387806442968384,0.9975524620319277,0.9999936480115806,0.9978707958507335,0.9999999998387459,0.5677142627431921,0.9987912203664615,0.06767451198748689,9.627757082477544e-05
0.08294003,0.21705997,0.38294003,27216,27083,133,0.004886831275720165,65,68,33,64,4,32,15296,11677,18,92,0.9940213153106316,0.9984608807182557,0.5681793006683159,0.9959384115496805,146,27070,36,97,0.2465753424657534,0.003583302548947174,0.04586197994987432,0.04790833333333461,0.0004745062988998471,5.126189190196584e-05,0.00029157625923508824,0.9974916791613212,0.9999487381015764,0.9979652199442678,0.999999999993478,0.5676871089661844,0.9988448815899598,0.10002129943324302,0.00016344654733372853,0.0004788471359960392,0.00029404094749373963,0.9974661646908156,0.9999487381015764,0.997944027330187,0.999999999993478,0.5676860431362801,0.9988328530074579,0.09988474141331262,0.0001647756848617373
0.11058671,0.18941328999999998,0.41058671,27216,27036,180,0.006613756613756613,80,100,39,95,5,41,15290,11646,17,83,0.9946009236973915,0.9985423990396982,0.5686122207427134,0.9963012279923066,146,27070,46,134,0.3150684931506849,0.004950129294421869,0.05966937037036997,0.06268916666666549,0.0006333226911786173,0.00033211016797596304,0.0005031359293314385,0.9974035070785644,0.9996678898318138,0.9980355856615677,0.9999999999997896,0.5677170492086584,0.9988847684882711,0.13128195610131654,0.00033511528294701747,0.0006391429105945261,0.0005064405975646114,0.9973772592135121,0.9996678898318138,0.9980151335107615,0.9999999999997896,0.5677156199330798,0.9988731602904867,0.1311547510988952,0.0003368636381658951
0.13823339,0.16176660999999998,0.43823339,27216,26949,267,0.009810405643738977,101,166,49,161,5,52,15280,11580,17,72,0.9953100573215217,0.9985341036474951,0.5696686333444655,0.9966974655831387,146,27070,57,210,0.3904109589041096,0.007757665312153676,0.08119688826466866,0.08302416666666668,0.0007926944625303071,0.0017315226212111234,0.0011984644371982392,0.9973125438941205,0.9982684773787834,0.9981037351980427,0.9999999999999946,0.5680216742814208,0.9989228804923089,0.1615532861261363,0.0009924454445540043,0.0007999401797605199,0.001202578490268436,0.9972854217145437,0.9982684773787834,0.9980838290721877,0.9999999999999946,0.5680198949598898,0.9989115767908565,0.16136015188113118,0.0009946995348033161
0.16588007,0.13411993,0.46588007,27216,26816,400,0.014697236919459141,119,281,55,275,6,64,15274,11466,16,60,0.9960871266466675,0.9986065145445044,0.5718227923627685,0.9971658711217184,146,27070,70,330,0.4794520547945205,0.012190616919098634,0.10516327083333271,0.1187937499999997,0.0009527608167387229,0.007288291084977638,0.003691033984922672,0.9972187129230864,0.9927117089150223,0.9981697299302186,0.9999999999999999,0.569351532123503,0.9989579329315701,0.19086295658676206,0.00345056119751552,0.0009615080298581889,0.003696000573853268,0.997190804707989,0.9927117089150223,0.9981505344618814,0.9999999999999999,0.5693493853350582,0.9989470079326737,0.19068561296780087,0.003453294565737019
0.19352674,0.10647325999999999,0.49352673999999996,27216,26583,633,0.02325837742504409,131,502,61,496,6,70,15268,11245,16,54,0.9964756559195928,0.9985791670366753,0.5763834029266824,0.9973667381409171,146,27070,76,557,0.5205479452054794,0.020576283708902843,0.13367800684570758,0.14769499999999858,0.0011136611382119301,0.02487375272239356,0.011382986436004716,0.9971219358228408,0.9751262472776064,0.9982336298232313,1.0,0.5736889723040085,0.9989866529085811,0.21923797901235414,0.011115940670023807,0.001123828210938458,0.011388759208448979,0.9970931198566091,0.9751262472776064,0.9982149419689741,1.0,0.5736864829568801,0.9989759363363068,0.2189968446944102,0.011119291139951151
0.22117342,0.07882657999999998,0.52117342,27216,26183,1033,0.03795561434450323,148,885,70,878,7,78,15259,10863,15,46,0.9969944462593924,0.9986210700496415,0.5845395867547646,0.9976702440514839,146,27070,85,948,0.5821917808219178,0.03502031769486517,0.16333357615359717,0.1860824999999991,0.001275535272524108,0.06923325909317135,0.030647474767757553,0.9970221324283828,0.9307667409068286,0.9982954935427985,1.0,0.5849953995843504,0.9990028715639753,0.24670476252097617,0.030369890942665533,0.0012872297298201934,0.030654114775422032,0.9969924746970547,0.9307667409068286,0.9982774871571335,1.0,0.5849925568078248,0.9989923428079172,0.24648505956803057,0.030373973721767072
0.2488201,0.0511799,0.5488200999999999,27216,25369,1847,0.06786449147560258,171,1676,79,1669,7,92,15250,10072,15,32,0.9979060332417223,0.9985129374442352,0.6023887421656352,0.9981473451850684,146,27070,99,1748,0.678082191780822,0.06457332840783155,0.19598512587980424,0.2162391666666666,0.0014385232245639225,0.15843204139932054,0.06929253389070376,0.996919220938865,0.8415679586006795,0.9983553783369711,1.0,0.6091862861199117,0.9989981190370271,0.2732890628520733,0.06903044536129821,0.0014516347071007276,0.06929997847255419,0.9968886215730738,0.8415679586006795,0.9983378434360176,1.0,0.6091831600378079,0.9989874422118756,0.27300766815051086,0.0690355729820494
0.27646678,0.023533219999999966,0.5764667800000001,27216,23842,3374,0.12397119341563786,181,3193,83,3185,8,98,15246,8556,14,26,0.9982975379779989,0.9983663943990665,0.6405502894052513,0.9983222883986242,146,27070,106,3268,0.726027397260274,0.12072404876246767,0.2272120136830657,0.2439058333333333,0.0016027654380151378,0.30142027282969863,0.13118658890393123,0.9968131177553642,0.6985797271703014,0.9984133401498096,1.0,0.652477231879454,0.9989647405730135,0.2990160342528168,0.1309709667423857,0.0016174341231633257,0.1311949176514178,0.996781617676651,0.6985797271703014,0.9983964581765511,1.0,0.6524739003734116,0.9989537308120424,0.2987609765767845,0.13097742273960494
0.30411345,-0.0041134500000000185,0.60411345,27216,21579,5637,0.20712081128747795,194,5443,87,5435,8,107,15242,6306,14,17,0.9988859034012714,0.9977848101265823,0.7071226655544742,0.9985634181380045,146,27070,115,5522,0.7876712328767124,0.20398965644625047,0.2532782984447983,0.2702583333333321,0.001768402723930619,0.4841592516960207,0.21026206661497615,0.9967037375323723,0.5158407483039793,0.9984694335985094,1.0,0.7176898793517845,0.9989015279839742,0.32391022065663594,0.21011605492686514,0.0017844882338066228,0.21027119982279927,0.9966712615467529,0.5158407483039793,0.9984529891579143,1.0,0.7176866144372951,0.9988897310262457,0.32359553190043894,0.21012410878437804
0.33176013,-0.03176013,0.63176013,27216,19043,8173,0.3003012933568489,203,7970,93,7961,9,110,15236,3780,13,14,0.9990819672131147,0.9965726337991037,0.800819198655674,0.9985821561728719,146,27070,119,8054,0.815068493150685,0.29752493535278907,0.27374334760797653,0.2860283333333319,0.0019355765473899305,0.6703520824124537,0.29083120259422796,0.9965909929954029,0.3296479175875463,0.9985237120745071,1.0,0.7990932545402099,0.9988203082769794,0.3479956018211317,0.29075775951456373,0.0019532499898264606,0.2908412374158759,0.9965575539978367,0.3296479175875463,0.998507889522889,1.0,0.7990904116459738,0.9988076688246241,0.3477100900231228,0.29076742362469393
0.35940681,-0.05940681000000003,0.65940681,27216,17031,10185,0.3742283950617284,217,9968,98,9958,10,119,15231,1783,12,5,0.9996718298766081,0.9933147632311977,0.8946039574892842,0.9990018202102049,146,27070,129,10056,0.8835616438356164,0.37148134466198746,0.28795889846178924,0.2992391666666666,0.002104428714301928,0.821602268987093,0.3562987664247972,0.9964747951555724,0.178397731012907,0.9985762276424425,1.0,0.8802160071199459,0.9987467727803829,0.37129554968924955,0.35627949901426037,0.0021235244182537857,0.3563096087937408,0.9964403456499249,0.178397731012907,0.9985608139213984,1.0,0.8802139894694386,0.9987332082801652,0.3709538192538471,0.3562906011183021
0.38705348,-0.08705348000000002,0.68705348,27216,15921,11295,0.4150132275132275,223,11072,103,11061,11,120,15226,680,11,4,0.9997373604727512,0.984081041968162,0.9565982036304252,0.9990578481251178,146,27070,131,11164,0.8972602739726028,0.4124122644994459,0.2962975676553038,0.3043574999999999,0.0022751015942630943,0.9195559888086847,0.39873215172298293,0.9963550531740012,0.08044401119131528,0.9986270311245871,1.0,0.9421744812948342,0.9987064237619738,0.3938328670027749,0.3987384461748248,0.0022958083280221094,0.39874390882016025,0.9963195748733141,0.08044401119131528,0.998612197071816,1.0,0.942173350561603,0.9986924490652337,0.393517334541016,0.398750692731647
0.41470016,-0.11470016,0.71470016,27216,15462,11754,0.43187830687830686,232,11522,109,11510,12,123,15220,231,10,1,0.9999343012942645,0.9585062240663901,0.9844134005950071,0.9992885784503945,146,27070,135,11619,0.9246575342465754,0.42922053934244553,0.3003626303811459,0.310582499999999,0.002447738353967628,0.9701290794654057,0.42068831799439405,0.9962316742039764,0.029870920534594232,0.9986761721737998,0.9999999999999983,0.9777141028977829,0.9987056748645156,0.41562982074338906,0.42069481699764794,0.002469886944140672,0.4207008937646742,0.9961951505333888,0.029870920534594232,0.998661732107133,0.9999999999999983,0.9777136191022453,0.9986915572551367,0.4152666429462005,0.4207079472330801
0.44234684,-0.14234684000000003,0.74234684,27216,15319,11897,0.43713256907701353,242,11655,118,11643,12,124,15211,98,10,0,1.0,0.9074074074074074,0.992949931457667,0.99934721587571,146,27070,136,11761,0.9315068493150684,0.43446619874399706,0.30190074997898536,0.3116891666666654,0.002622482631952243,0.9909434251190484,0.4297836836341462,0.9961045636287561,0.009056574880951589,0.9987236991839852,1.0000000000000018,0.9931353540534407,0.9987324605372084,0.43670810343530775,0.4297747873504108,0.0026462714976724097,0.42979719073812817,0.9960669417595455,0.009056574880951589,0.9987097990351784,1.0000000000000018,0.993135191442024,0.9987186560178032,0.43636834798414526,0.42978866160475293
0.46999352,-0.16999352,0.76999352,27216,15249,11967,0.43970458553791886,248,11719,124,11707,12,124,15205,34,10,0,1.0,0.7727272727272727,0.9971145648895009,0.9993442192930684,146,27070,136,11831,0.9315068493150684,0.4370520871813816,0.30280088855463544,0.3116891666666654,0.002799478829441009,0.9977717471893021,0.4328354427005846,0.9959736248679206,0.002228252810697989,0.9987696593848565,1.0000000000000222,0.9983019550589428,0.9987717485585138,0.4570888761551018,0.4328042826277172,0.0028247295013687527,0.4328497798049827,0.9959349225775865,0.002228252810697989,0.9987561385066996,1.0000000000000222,0.9983019121337234,0.9987582506928088,0.45670923971334065,0.4328188110565264
0.4976402,-0.1976402,0.7976402,27216,15225,11991,0.44058641975308643,249,11742,125,11730,12,124,15204,11,10,0,1.0,0.5238095238095238,0.9986206896551724,0.9993431855500821,146,27070,136,11855,0.9315068493150684,0.4379386775027706,0.3031675706780076,0.3116891666666654,0.0029788720931073053,0.9995571181427474,0.4337089539670754,0.9958387593986263,0.00044288185725255654,0.9988140988438745,0.9999999999998831,0.999661980312705,0.9988144997018125,0.4767927703088613,0.43365360119159585,0.0030057984484164707,0.43372424250942515,0.9957988857508145,0.00044288185725255654,0.9988010804888245,0.9999999999998831,0.9996619711867125,0.9988014857581642,0.4764339753676204,0.433668806762824
0.52528687,-0.22528686999999997,0.82528687,27216,15216,12000,0.4409171075837742,250,11750,126,11737,13,124,15203,4,9,0,1.0,0.3076923076923077,0.99914563617245,0.9994085173501577,146,27070,137,11863,0.9383561643835616,0.4382342076099003,0.3033225641666657,0.3116891666666654,0.0031608082924434126,0.9999291280973723,0.4339730417531054,0.9956998667855096,7.087190262762421e-05,0.9988570624715353,0.9999999999993936,0.9999458833659042,0.9988571243234673,0.49583989085072555,0.433893557109021,0.003189216712461795,0.43398917179846636,0.9956588775548934,7.087190262762421e-05,0.9988444088367043,0.9999999999993936,0.9999458818237009,0.9988444713751906,0.4954482281551869,0.4339094000825943
0.55293355,-0.25293355,0.8529335499999999,27216,15210,12006,0.44113756613756616,255,11751,131,11738,13,124,15198,3,9,0,1.0,0.25,0.9992110453648915,0.9994082840236687,146,27070,137,11869,0.9383561643835616,0.4384558551902475,0.3034387134904761,0.3116891666666654,0.003345434327021897,0.9999908921065717,0.4341045657152069,0.9955568444575671,9.107893428378396e-06,0.9988985941034949,1.0000000000042697,0.999993043744084,0.9988986017651562,0.5142498535161057,0.43400159748959305,0.003375560021387461,0.4341216708134958,0.9955146068174896,9.107893428378396e-06,0.9988864078417075,1.0000000000042697,0.9999930435338137,0.9988864155883737,0.5138766376212023,0.43401815164270585
0.6082269,-0.3082269,0.9082269000000001,27216,15198,12018,0.4415784832451499,265,11753,141,11740,13,124,15188,1,9,0,1.0,0.1,0.9993420186866693,0.9994078168180024,146,27070,137,11881,0.9383561643835616,0.438899150350942,0.30371237255228173,0.3116891666666654,0.0037233471242957205,0.9999999226659345,0.4343230442912672,0.9952579909364513,7.733406548331572e-08,0.9989775310539369,0.9999999999819291,0.9999999409124264,0.9989775311143522,0.5492341960208457,0.4341754099421808,0.0037567404700193214,0.43434200473260565,0.9952132730327019,7.733406548331572e-08,0.9989661295196469,0.9999999999819291,0.9999999409104459,0.9989661295807378,0.5488506589987663,0.43419337648520784
0.66352026,-0.36352026,0.9635202599999999,27216,15190,12026,0.4418724279835391,272,11754,148,11741,13,124,15181,0,9,0,1.0,0.0,0.9994075049374589,0.9994075049374589,146,27070,137,11889,0.9383561643835616,0.43919468045807164,0.303932575877265,0.3116891666666654,0.004113802946438488,0.9999999997318885,0.43454477490364185,0.9949413385657669,2.681115529301644e-10,0.999051238494328,1.0000000744285462,0.9999999997950674,0.9990512384945224,0.5818927953570511,0.43435546665321195,0.004150538683435235,0.4345656331246814,0.9948940200211057,2.681115529301644e-10,0.9990405765805247,1.0000000744285462,0.9999999997950598,0.9990405765807213,0.5815025614893807,0.4343749141062734
0.71881362,-0.41881362000000005,1.01881362,27216,15181,12035,0.44220311581422694,280,11755,156,11741,14,124,15173,0,8,0,1.0,0.0,0.9994730254923918,0.9994730254923918,146,27070,138,11897,0.9452054794520548,0.4394902105652013,0.3042212253150524,0.3116891666666654,0.004518010090545861,0.9999999999996232,0.4347742802000577,0.9946059941827119,3.7684098613662965e-13,0.9991200285533826,1.0000830434548353,0.9999999999997119,0.9991200285533828,0.6123651008922147,0.434546116920672,0.004565340076750236,0.4348011537405051,0.9945487797406568,3.7684098613662965e-13,0.999110056924619,1.0000830434548353,0.9999999999997118,0.9991100569246192,0.6119713591986092,0.4345711929807958
0.77410697,-0.47410696999999996,1.0741069699999999,27216,15175,12041,0.4424235743680188,285,11756,161,11741,15,124,15168,0,7,0,1.0,0.0,0.9995387149917627,0.9995387149917627,146,27070,139,11902,0.952054794520548,0.4396749168821574,0.3044396889793198,0.3116891666666654,0.004937194084784425,0.9999999999999998,0.4350122891017111,0.9942510310485454,2.1370691643617432e-16,0.9991841973573482,0.9624503892284524,0.9999999999999998,0.9991841973573482,0.640783329263309,0.4347479207343433,0.005001195934833068,0.4350486287764907,0.9941778018532039,2.1370691643617432e-16,0.9991748711570217,0.9624503892284524,0.9999999999999998,0.9991748711570217,0.640388871246133,0.43478210428928854
0.82940032,-0.5294003199999999,1.12940032,27216,15166,12050,0.4427542621987066,293,11757,169,11741,16,124,15160,0,6,0,1.0,0.0,0.999604378214427,0.999604378214427,146,27070,140,11910,0.958904109589041,0.43997044698928706,0.3048063527662508,0.3116891666666654,0.005372599065279486,1.0,0.4352595081332952,0.9938754881596036,4.8734777673051224e-20,0.9992440256779471,,1.0,,0.6672727687790713,0.43496142456003617,0.005453361547849502,0.43530536434446343,0.9937861162782569,4.8734777673051224e-20,0.9992353076824257,,1.0,,0.6668800236940766,0.43500478849732377
0.88469368,-0.58469368,1.18469368,27216,15158,12058,0.44304820693709585,301,11757,177,11741,16,124,15152,0,6,0,1.0,0.0,0.9996041694154901,0.9996041694154901,146,27070,140,11918,0.958904109589041,0.4402659770964167,0.3051747320589364,0.3116891666666654,0.0058254888055064,1.0,0.4355166548541846,0.993478369843471,4.458228350281107e-24,0.9992997795224239,,1.0,,0.6919520562366865,0.43518719445807863,0.0059231066411271445,0.4355720813832061,0.9933727233893445,4.458228350281107e-24,0.9992916343049187,,1.0,,0.6915631238419865,0.43523981392068095
0.93998703,-0.6399870299999999,1.23998703,27216,15147,12069,0.44345238095238093,312,11757,188,11741,16,124,15141,0,6,0,1.0,0.0,0.9996038819568231,0.9996038819568231,146,27070,140,11929,0.958904109589041,0.44067233099372,0.305729970033418,0.3116891666666654,0.006297147566848195,1.0,0.4357844584564412,0.9930586455189484,1.633059780796157e-28,0.9993517107124871,,1.0,,0.7149334470837403,0.43542581633499494,0.006411721339133861,0.4358495124137873,0.9929365886614024,1.633059780796157e-28,0.9993441045818877,,1.0,,0.714550128014387,0.43548776871580336
0.99528039,-0.69528039,1.29528039,27216,15139,12077,0.44374632569077016,320,11757,196,11741,16,124,15133,0,6,0,1.0,0.0,0.9996036726335954,0.9996036726335954,146,27070,140,11937,0.958904109589041,0.4409678611008496,0.3061647611161703,0.3116891666666654,0.006788881729373907,1.0,0.4360636606909176,0.9926152487554791,2.3919629873563532e-33,0.9994000575464917,,1.0,,0.7363231208394069,0.4356778964784034,0.006920517809673192,0.4361384024732833,0.99247664171941,2.3919629873563532e-33,0.9993929584874846,,1.0,,0.7359469450312937,0.43574926142083753
1.05057374,-0.7505737399999999,1.35057374,27216,15133,12083,0.44396678424456204,326,11757,202,11741,16,124,15127,0,6,0,1.0,0.0,0.9996035154959361,0.9996035154959361,146,27070,140,11943,0.958904109589041,0.4411895086811969,0.3065186544456389,0.3116891666666654,0.0073020200925129185,1.0,0.43635501603797766,0.9921470775021484,1.3994298080463165e-38,0.999445045304323,,1.0,,0.7562214154789673,0.4359440614268254,0.007450830531853712,0.4364395092669288,0.9919917766002784,1.3994298080463165e-38,0.999438422916452,,1.0,,0.7558536682939268,0.43602492080674243
1.1058671,-0.8058671,1.4058671,27216,15123,12093,0.4443342151675485,336,11757,212,11741,16,124,15117,0,6,0,1.0,0.0,0.9996032533227535,0.9996032533227535,146,27070,140,11953,0.958904109589041,0.441558921315109,0.3071491078171936,0.3116891666666654,0.007837915503109914,1.0,0.4366592926318914,0.9916529931181371,3.2675078056505024e-44,0.9994868868840002,,1.0,,0.77472311882908,0.43622495852089277,0.00800401794022197,0.43675360410164055,0.9914808507700175,3.2675078056505024e-44,0.9994807123223514,,1.0,,0.7743648654437595,0.43631539643605743
1.16116045,-0.8611604499999999,1.46116045,27216,15116,12100,0.44459141681363906,343,11757,219,11741,16,124,15110,0,6,0,1.0,0.0,0.999603069595131,0.999603069595131,146,27070,140,11960,0.958904109589041,0.44181751015884746,0.3076289963498613,0.3116891666666654,0.008397944954616396,1.0,0.43697727231715483,0.9911318207797812,3.0426463408695104e-50,0.9995257832885585,,1.0,,0.7919176925877496,0.4365212556719259,0.008581462489747864,0.43708147192291563,0.9909426855655706,3.0426463408695104e-50,0.9995200292039359,,1.0,,0.791569800357203,0.4366213584117072
1.21645381,-0.9164538099999999,1.51645381,27216,15108,12108,0.44488536155202824,351,11757,227,11741,16,124,15102,0,6,0,1.0,0.0,0.9996028594122319,0.9996028594122319,146,27070,140,11968,0.958904109589041,0.4421130402659771,0.30821310861964446,0.3116891666666654,0.00898351112965067,1.0,0.4373097515243419,0.9905823485530885,1.129293039828589e-56,0.999561924224131,,1.0,,0.8078895445005347,0.43683364188922685,0.009184572214275778,0.4374239121997061,0.9903760652541641,1.129293039828589e-56,0.9995565647049501,,1.0,,0.8075527037513076,0.43694349791178766
1.27174716,-0.97174716,1.5717471600000001,27216,15103,12113,0.44506907701352144,356,11757,232,11741,16,124,15097,0,6,0,1.0,0.0,0.9996027279348474,0.9996027279348474,146,27070,140,11973,0.958904109589041,0.44229774658293314,0.30860145828173496,0.3116891666666654,0.009596042273937514,1.0,0.4376575411985286,0.9900033280006253,1.6698598045462094e-63,0.9995954885657393,,1.0,,0.8227182411300259,0.43716282693505193,0.009814780564591643,0.4377817388324748,0.9897797376769459,1.6698598045462094e-63,0.9995904990798654,,1.0,,0.8223929841782784,0.43728252682363955
1.32704052,-1.02704052,1.62704052,27216,15096,12120,0.445326278659612,363,11757,239,11741,16,124,15090,0,6,0,1.0,0.0,0.9996025437201908,0.9996025437201908,146,27070,140,11980,0.958904109589041,0.4425563354266716,0.3091744892739265,0.3116891666666654,0.010236993645551005,1.0,0.4380214676221597,0.989393473304581,9.833267187982348e-71,0.9996266449165149,,1.0,,0.8364787611062118,0.43750954182316765,0.010473547873506546,0.4381557809850564,0.9891524133588583,9.833267187982348e-71,0.9996220022548853,,1.0,,0.8361654798647008,0.4376391782499103
1.38233387,-1.08233387,1.6823338700000001,27216,15089,12127,0.44558348030570255,370,11757,246,11741,16,124,15083,0,6,0,1.0,0.0,0.9996023593346146,0.9996023593346146,146,27070,140,11987,0.958904109589041,0.44281492427041,0.3097741558093501,0.3116891666666654,0.010907847139860182,1.0,0.4384023722020965,0.988751462095842,2.30524957260704e-78,0.9996555520501171,,1.0,,0.8492416960335339,0.43787453834750506,0.01116236094311476,0.43854688285030685,0.9884927663765242,2.30524957260704e-78,0.9996512342706837,,1.0,,0.8489406580714645,0.4380142060151368
1.43762723,-1.1376272299999999,1.73762723,27216,15085,12131,0.44573045267489714,374,11757,250,11741,16,124,15079,0,6,0,1.0,0.0,0.9996022538945973,0.9996022538945973,146,27070,140,11991,0.958904109589041,0.44296268932397487,0.31013803458082506,0.3116891666666654,0.011610112638311658,1.0,0.43880111223544344,0.988075934635731,2.150869531418614e-86,0.999682359431261,,1.0,,0.8610734852512346,0.4382585895473576,0.011882734409529005,0.43895590442498716,0.9877994335266004,2.150869531418614e-86,0.9996783458047556,,1.0,,0.8607848485944849,0.43840838513855973
1.49292058,-1.19292058,1.79292058,27216,15081,12135,0.4458774250440917,378,11757,254,11741,16,124,15075,0,6,0,1.0,0.0,0.9996021483986473,0.9996021483986473,146,27070,140,11995,0.958904109589041,0.4431104543775397,0.3105196961269047,0.3116891666666654,0.0123453273607933,1.0,0.439218560541826,0.987365494890017,7.985146921739182e-95,0.9997072076331933,,1.0,,0.8720366045069258,0.4386624890967845,0.012636210055611451,0.4393837211195386,0.9870710154407321,7.985146921739182e-95,0.9997034785895146,,1.0,,0.8717604310973625,0.4388225112002407
1.54821394,-1.2482139399999999,1.84821394,27216,15076,12140,0.44606114050558493,382,11758,258,11741,17,124,15071,0,5,0,1.0,0.0,0.9996683470416556,0.9996683470416556,146,27070,141,11999,0.9657534246575342,0.44325821943110455,0.31101955944535875,0.3117237499999987,0.013115057107662422,1.0,0.4396556061686032,0.9866187097768834,1.1793141031255654e-103,0.9997302288201156,,1.0,,0.8821897827834843,0.4390870517321567,0.013424358069255791,0.4398312244725238,0.986306075819743,1.1793141031255654e-103,0.9997267658965574,,1.0,,0.881926050821251,0.43925740077644654
1.60350729,-1.30350729,1.90350729,27216,15067,12149,0.4463918283362728,391,11758,267,11741,17,124,15062,0,5,0,1.0,0.0,0.9996681489347581,0.9996681489347581,146,27070,141,12008,0.9657534246575342,0.44359069080162544,0.31194856325623416,0.31175833333333197,0.013920895316250707,1.0,0.4401131538551595,0.9858341105087839,6.927505510481606e-113,0.9997515471387624,,1.0,,0.8915881785772137,0.4395331124892834,0.014248776058203204,0.44029932159124824,0.9855031428186288,6.927505510481606e-113,0.9997483329290975,,1.0,,0.8913367937077147,0.43971389065224187
1.65880065,-1.35880065,1.9588006500000001,27216,15058,12158,0.4467225161669606,399,11759,275,11741,18,124,15054,0,4,0,1.0,0.0,0.9997343604728384,0.9997343604728384,146,27070,142,12016,0.9726027397260274,0.44388622090875507,0.3129234216153964,0.31175833333333197,0.01476446419088195,1.0,0.4405921246745186,0.9850101919133776,1.6182718965498036e-122,0.9997712791636617,,1.0,,0.900283579447638,0.4400015270894753,0.015111090196832917,0.44078893580289746,0.9846607083530988,1.6182718965498036e-122,0.9997682972690657,,1.0,,0.9000443849644363,0.4401928382157395
1.714094,-1.414094,2.014094,27216,15052,12164,0.4469429747207525,405,11759,281,11741,18,124,15048,0,4,0,1.0,0.0,0.9997342545841085,0.9997342545841085,146,27070,142,12022,0.9726027397260274,0.44410786848910233,0.31360182094705596,0.31175833333333197,0.015647413440737026,1.0,0.44109345531671473,0.9841454140660524,1.5031242958939233e-132,0.9997895342623777,,1.0,,0.9083245659174026,0.4404931710114212,0.01601295392019051,0.4413010059130182,0.9837772297774763,1.5031242958939233e-132,0.9997867692433868,,1.0,,0.9080973519759471,0.4406951205041672
1.76938736,-1.46938736,2.06938736,27216,15044,12172,0.4472369194591417,413,11759,289,11741,18,124,15040,0,4,0,1.0,0.0,0.999734113267748,0.999734113267748,146,27070,142,12030,0.9726027397260274,0.444403398596232,0.3145412714974249,0.31175833333333197,0.01657142129385128,1.0,0.4416180986645312,0.9832382016895,5.550710851356713e-143,0.9998064150048404,,1.0,,0.9157566944812485,0.44100893983254175,0.01695604895552275,0.4418364867912144,0.9828511292690126,5.550710851356713e-143,0.9998038523351273,,1.0,,0.9155412064513603,0.44122163455390234
1.82468071,-1.52468071,2.12468071,27216,15035,12181,0.4475676072898295,422,11759,298,11741,18,124,15031,0,4,0,1.0,0.0,0.9997339541070834,0.9997339541070834,146,27070,142,12039,0.9726027397260274,0.44473586996675285,0.3156344159620164,0.31175833333333197,0.01753819289426375,1.0,0.44216702288341625,0.9822869460993626,8.148310553812968e-154,0.999822017502249,,1.0,,0.9226226492957608,0.4415497481228497,0.017942083673372154,0.442396348434914,0.9818807958211837,8.148310553812968e-154,0.9998196435235646,,1.0,,0.9224185952728109,0.4417732962672269
1.87997407,-1.57997407,2.17997407,27216,15026,12190,0.4478982951205173,431,11759,307,11741,18,124,15022,0,4,0,1.0,0.0,0.9997337947557567,0.9997337947557567,146,27070,142,12048,0.9726027397260274,0.44506834133727374,0.3167636560021867,0.31175833333333197,0.018549461197454032,1.0,0.44274121192990357,0.981290004686791,4.754493288344992e-165,0.9998364317819308,,1.0,,0.928962409445204,0.4421165297391261,0.018972794001589185,0.44298157648833614,0.9808645847098412,4.754493288344992e-165,0.9998342336608247,,1.0,,0.9287694670126189,0.44235104071583575
1.93526742,-1.63526742,2.23526742,27216,15017,12199,0.44822898295120517,439,11760,315,11741,19,124,15014,0,3,0,1.0,0.0,0.9998002264100686,0.9998002264100686,146,27070,143,12056,0.9794520547945206,0.4453638714444034,0.31793081680192276,0.31175833333333197,0.019606985005639514,1.0,0.44334166443607237,0.9802457031990123,1.1026139890680447e-176,0.9998497421002647,,1.0,,0.934813388714151,0.4427102365283708,0.0200499414123077,0.4435931710995146,0.9798008198237196,1.1026139890680447e-176,0.9998477077860601,,1.0,,0.9346312109954593,0.4429558208158781
1.99056078,-1.69056078,2.29056078,27216,15004,12212,0.4487066431510876,452,11760,328,11741,19,124,15001,0,3,0,1.0,0.0,0.9998000533191149,0.9998000533191149,146,27070,143,12069,0.9794520547945206,0.4458441078684891,0.3196734055300788,0.31175833333333197,0.020712549743815936,1.0,0.44396939415017583,0.9791523353076104,1.0162156051765533e-188,0.9998620272846973,,1.0,,0.9402105879521899,0.4433318385732442,0.021175313717898957,0.44423214737223293,0.9786877932148598,1.0162156051765533e-188,0.999860145469194,,1.0,,0.9400388090167368,0.44358860758355384
2.04585414,-1.7458541399999998,2.3458541399999997,27216,14995,12221,0.44903733098177545,461,11760,337,11741,19,124,14992,0,3,0,1.0,0.0,0.9997999333111037,0.9997999333111037,146,27070,143,12078,0.9794520547945206,0.44617657923901,0.32092413761830635,0.31175833333333197,0.021867965326839954,1.0,0.44462542872558997,0.9780081650332201,3.721872542512289e-201,0.9998733610233087,,1.0,,0.9451867241873043,0.44398232281357836,0.022350722892218403,0.444899534128948,0.9775237675707698,3.721872542512289e-201,0.9998716211018095,,1.0,,0.9450249638593635,0.44425038872962197
2.10114749,-1.8011474899999997,2.4011474899999996,27216,14984,12232,0.44944150499706054,472,11760,348,11741,19,124,14981,0,3,0,1.0,0.0,0.9997997864388681,0.9997997864388681,146,27070,143,12089,0.9794520547945206,0.44658293313631325,0.3225008380341172,0.31175833333333197,0.02307506574928922,1.0,0.4453108094879396,0.9768114274585215,5.416563512472942e-214,0.9998838121658995,,1.0,,0.9497723646415682,0.4446626926410256,0.023578004658138932,0.4455963736765954,0.9763069769316017,5.416563512472942e-214,0.9998822041998152,,1.0,,0.9496202327617055,0.4449421682516642
2.15644084,-1.85644084,2.45644084,27216,14977,12239,0.4496987066431511,479,11760,355,11741,19,124,14974,0,3,0,1.0,0.0,0.999799692862389,0.999799692862389,146,27070,143,12096,0.9794520547945206,0.4468415219800517,0.3235302278917114,0.31175833333333197,0.024335708474486625,1.0,0.44602659108819226,0.9755603296235904,3.132163058769158e-227,0.9998934450068266,,1.0,,0.95399605256886,0.4453739673900331,0.024859017871465414,0.44632372145678106,0.9750356275923715,3.132163058769158e-227,0.9998919596877847,,1.0,,0.9538531527480862,0.4456649659211489
2.2117342,-1.9117342,2.5117342,27216,14964,12252,0.4501763668430335,492,11760,368,11741,19,124,14961,0,3,0,1.0,0.0,0.9997995188452286,0.9997995188452286,146,27070,143,12109,0.9794520547945206,0.4473217584041374,0.32550554460496156,0.31175833333333197,0.025651772841484056,1.0,0.4467738405981574,0.9742530523823054,7.196089504356803e-241,0.9999023195469979,,1.0,,0.9578844238074111,0.4461171812824379,0.02619564290370141,0.4470826451275315,0.9737078999852362,7.196089504356803e-241,0.9999009481623701,,1.0,,0.957750356722519,0.446419816213303
2.26702755,-1.9670275499999998,2.5670275499999997,27216,14955,12261,0.4505070546737213,501,11760,377,11741,19,124,14952,0,3,0,1.0,0.0,0.9997993981945837,0.9997993981945837,146,27070,143,12118,0.9794520547945206,0.4476542297746583,0.32691024630943555,0.31175833333333197,0.027025157969193615,1.0,0.4475536363204713,0.9728877527490665,6.568457463741189e-255,0.9999104917434882,,1.0,,0.9614623177830206,0.4468933820933086,0.027589779514878048,0.4478742233555044,0.9723219510591454,6.568457463741189e-255,0.9999092261433323,,1.0,,0.9613366840584243,0.44720776695421405
2.32232091,-2.0223209100000004,2.62232091,27216,14945,12271,0.45087448559670784,511,11760,387,11741,19,124,14942,0,3,0,1.0,0.0,0.9997992639678822,0.9997992639678822,146,27070,143,12128,0.9794520547945206,0.4480236424085704,0.3285166218455428,0.31175833333333197,0.028457782976342542,1.0,0.44836706791348546,0.9714625639321032,2.3818787503385104e-269,0.9999180137618741,,1.0,,0.9647528895796125,0.44770363113200967,0.029043347094704613,0.44869954595291256,0.970875914293645,2.3818787503385104e-269,0.9999168463273732,,1.0,,0.9646352922726033,0.44802987931298227
2.37761426,-2.0776142600000003,2.67761426,27216,14932,12284,0.4513521457965902,524,11760,400,11741,19,124,14929,0,3,0,1.0,0.0,0.9997990892043932,0.9997990892043932,146,27070,143,12141,0.9794520547945206,0.4485038788326561,0.3306604741262338,0.31175833333333197,0.02995158338602141,1.0,0.44921523434980115,0.9699755991475555,3.4312474367244494e-284,0.9999249341938238,,1.0,,0.9677777066845327,0.448549001073818,0.030558281009656376,0.44955971180343246,0.969367903571904,3.4312474367244494e-284,0.9999238578070311,,1.0,,0.9676677534387979,0.4488872255997961
2.43290762,-2.13290762,2.7329076199999998,27216,14925,12291,0.4516093474426808,531,11760,407,11741,19,124,14922,0,3,0,1.0,0.0,0.9997989949748743,0.9997989949748743,146,27070,143,12148,0.9794520547945206,0.44876246767639455,0.33184027547256706,0.31175833333333197,0.031508511458389045,1.0,0.45009924410517654,0.968424951516278,1.9635326354579853e-299,0.9999312982859219,,1.0,,0.9705568505479463,0.4494305760185918,0.03213653296442845,0.45045582906743503,0.9677960130503642,1.9635326354579853e-299,0.9999303063009353,,1.0,,0.9704541554140993,0.4497808893400408
2.48820097,-2.18820097,2.7882009699999997,27216,14912,12304,0.4520870076425632,544,11760,420,11741,19,124,14909,0,3,0,1.0,0.0,0.9997988197424893,0.9997988197424893,146,27070,143,12161,0.9794520547945206,0.44924270410048023,0.33408931350238313,0.31175833333333197,0.03313053215117193,1.0,0.45102021286493454,0.966808698300875,0.0,0.9999371481363577,,1.0,,0.9731090039934273,0.4503494490819297,0.03378020458694378,0.4513890910303513,0.9661581837726825,0.0,0.9999362343426762,,1.0,,0.9730131889825441,0.4507120411080032
2.54349433,-2.2434943300000003,2.84349433,27216,14897,12319,0.45263815402704294,559,11760,435,11741,19,124,14894,0,3,0,1.0,0.0,0.9997986171712425,0.9997986171712425,146,27070,143,12176,0.9794520547945206,0.4497968230513484,0.3367469027518459,0.31175833333333197,0.034819623362842216,1.0,0.451979263662037,0.9651249008682778,0.0,0.9999425229001513,,1.0,,0.9754515422664245,0.45130672241644565,0.03549115827536396,0.45236055514510576,0.9644525930299562,0.0,0.9999416815147291,,1.0,,0.9753622386273986,0.4516817171646909
2.59878768,-2.29878768,2.89878768,27216,14878,12338,0.4533362727807172,578,11760,454,11741,19,124,14875,0,3,0,1.0,0.0,0.999798359994623,0.999798359994623,146,27070,143,12195,0.9794520547945206,0.4504987070557813,0.3401941272221313,0.31175833333333197,0.036577771439319895,1.0,0.4529775243258307,0.9633716093608821,0.0,0.9999474589662792,,1.0,,0.9776006117294792,0.4523035045561323,0.03727136374346532,0.4533713397974636,0.9626773079945268,0.0,0.9999466846003381,,1.0,,0.9775174610144917,0.45269101637670484
2.65408104,-2.35408104,2.9540810399999997,27216,14868,12348,0.4537037037037037,588,11760,464,11741,19,124,14865,0,3,0,1.0,0.0,0.9997982243744956,0.9997982243744956,146,27070,143,12205,0.9794520547945206,0.45086811968969337,0.34204473221034354,0.31175833333333197,0.038406971342015685,1.0,0.45401612757746057,0.961546862712405,0.0,0.9999519901411476,,1.0,,0.9795712112393525,0.45334091040734564,0.03912281360401445,0.45442257637503064,0.9608303703218721,0.0,0.9999512777753742,,1.0,,0.9794938661425573,0.45374105211769683
2.70937439,-2.40937439,3.0093743899999996,27216,14854,12362,0.4542181069958848,602,11760,478,11741,19,124,14851,0,3,0,1.0,0.0,0.9997980341995422,0.9997980341995422,146,27070,143,12219,0.9794520547945206,0.4513852973771703,0.3446960499919098,0.31175833333333197,0.04030922169387306,1.0,0.4550962082170568,0.9596486937613947,0.0,0.9999561478075193,,1.0,,0.9813772627499912,0.45442005834167015,0.041047503606786474,0.4555153980465781,0.9589098160734001,0.0,0.9999554927694813,,1.0,,0.981305387780874,0.45483294094170407
2.76466775,-2.4646677500000003,3.06466775,27216,14826,12390,0.45524691358024694,630,11760,506,11741,19,124,14823,0,3,0,1.0,0.0,0.999797652772157,0.999797652772157,146,27070,143,12247,0.9794520547945206,0.45241965275212415,0.3501048755716967,0.31175833333333197,0.04228652488992751,1.0,0.4562189031865097,0.9576751293045441,0.0,0.9999599610880239,,1.0,,0.9830316838273954,0.4555420701656088,0.043047432751968796,0.45665093982643196,0.9569136757681774,0.0,0.9999593590307557,,1.0,,0.9829649557999717,0.4559678025537398
2.87525446,-2.57525446,3.1752544599999997,27216,14781,12435,0.45690035273368607,675,11760,551,11741,19,124,14778,0,3,0,1.0,0.0,0.9997970367363507,0.9997970367363507,146,27070,143,12292,0.9794520547945206,0.4540820096047285,0.3590468612786481,0.3130033333333317,0.046474291237635613,1.0,0.45859667925099873,0.9534939187273043,0.0,0.999966660537028,,1.0,,0.9859326630747726,0.45791917403457827,0.047280993556139655,0.4590547175713927,0.9526867593842047,0.0,0.9999661526017246,,1.0,,0.985875310257625,0.4583709227797605
2.98584117,-2.68584117,3.28584117,27216,14731,12485,0.45873750734861846,725,11760,601,11741,19,124,14728,0,3,0,1.0,0.0,0.9997963478378928,0.9997963478378928,146,27070,143,12342,0.9794520547945206,0.4559290727742889,0.3693702263382717,0.3130033333333317,0.05098622815664787,1.0,0.4611585164500543,0.9489874667127152,0.0,0.9999722816133786,,1.0,,0.9883597757966508,0.4604811843235402,0.05183941549968347,0.461642948549258,0.9481338974111164,0.0,0.9999718538297876,,1.0,,0.9883106596662133,0.4609593521925812
3.09642788,-2.79642788,3.3964278799999996,27216,14675,12541,0.4607951205173427,781,11760,657,11741,19,124,14672,0,3,0,1.0,0.0,0.9997955706984668,0.9997955706984668,146,27070,143,12398,0.9794520547945206,0.4579977835241965,0.3813145450256483,0.3130033333333317,0.05583814905772932,1.0,0.4639133934960718,0.9441401256537314,0.0,0.9999769898682969,,1.0,,0.99038639142414,0.4632369970176551,0.05673846431796309,0.46442458440275874,0.9432394917270528,0.0,0.9999766300711412,,1.0,,0.9903444212225921,0.4637419587608874
3.20701459,-2.90701459,3.50701459,27216,14614,12602,0.46303644914756026,842,11760,718,11741,19,124,14611,0,3,0,1.0,0.0,0.9997947173942795,0.9997947173942795,146,27070,143,12459,0.9794520547945206,0.4602512005910602,0.39473627479765033,0.3130033333333317,0.06104562088625232,1.0,0.4668701491606134,0.9389364703497669,0.0,0.9999809269072287,,1.0,,0.9920752331239574,0.46619538165945495,0.061993649387178364,0.4674084312161988,0.9379881759299835,0.0,0.9999806241366849,,1.0,,0.9920392197305397,0.46672747871415854
3.3176013,-3.0176013000000004,3.6176013,27216,14561,12655,0.4649838330393886,895,11760,771,11741,19,124,14558,0,3,0,1.0,0.0,0.9997939701943548,0.9997939701943548,146,27070,143,12512,0.9794520547945206,0.46220908755079426,0.40673861734492206,0.3130033333333317,0.06662385543140177,1.0,0.47003742056075287,0.9333614099128668,0.0,0.9999842135929687,,1.0,,0.9934798006274715,0.46936491772789235,0.06762011639742359,0.4706030885761826,0.9323649275098232,0.0,0.9999839592284044,,1.0,,0.993449009858514,0.4699244527696815
3.42818801,-3.12818801,3.7281880099999998,27216,14474,12742,0.46818048206937096,982,11760,858,11741,19,124,14471,0,3,0,1.0,0.0,0.9997927317949427,0.9997927317949427,146,27070,143,12599,0.9794520547945206,0.46542297746582934,0.42699615647726596,0.31307249999999986,0.07258759478338246,1.0,0.4734235781227075,0.9274003051416844,0.0,0.999986952864912,,1.0,,0.9946456230518657,0.4727539279088301,0.07363253050794473,0.4740168832282212,0.9263551854083074,0.0,0.9999867395130416,,1.0,,0.9946193893781193,0.47334115929647275
3.53877472,-3.2387747200000003,3.83877472,27216,14397,12819,0.47100970017636684,1059,11760,935,11741,19,124,14394,0,3,0,1.0,0.0,0.9997916232548447,0.9997916232548447,146,27070,143,12676,0.9794520547945206,0.46826745474695236,0.4453408482200892,0.31307249999999986,0.07895099178843387,1.0,0.4770366577052714,0.9210390905520782,0.0,0.9999892322130534,,1.0,,0.9956113588027444,0.47637040871814623,0.0800449576076869,0.4776578016575391,0.9199449721473045,0.0,0.9999890535465925,,1.0,,0.9955890835352184,0.4769855448819155
3.64936143,-3.34936143,3.9493614299999997,27216,14307,12909,0.47431657848324515,1148,11761,1024,11741,20,124,14305,0,2,0,1.0,0.0,0.9998602082896484,0.9998602082896484,146,27070,144,12765,0.9863013698630136,0.47155522718876985,0.4672828943631051,0.31307249999999986,0.08572748646397164,1.0,0.48088429042944414,0.9142644001378939,0.0,0.9999911258426625,,1.0,,0.9964097584368706,0.48022195900415426,0.0868707407479632,0.48153341992865495,0.9131210195917137,0.0,0.9999909764578896,,1.0,,0.9963909067403234,0.4808651528320338
3.75994814,-3.4599481400000003,4.05994814,27216,14211,13005,0.47784391534391535,1244,11761,1120,11741,20,124,14209,0,2,0,1.0,0.0,0.9998592639504609,0.9998592639504609,146,27070,144,12861,0.9863013698630136,0.4751015884743258,0.49118419428424887,0.31307249999999986,0.09292967944347513,1.0,0.4849736308215763,0.907063695825465,0.0,0.9999926965628686,,1.0,,0.9970685051563347,0.48431570691858705,0.0941223737050262,0.4856508318953472,0.905870897303947,0.0,0.9999925718542643,,1.0,,0.9970526022667662,0.4849870501983782
3.87053485,-3.57053485,4.17053485,27216,14093,13123,0.48217960023515577,1362,11761,1238,11741,20,124,14091,0,2,0,1.0,0.0,0.9998580855743986,0.9998580855743986,146,27070,144,12979,0.9863013698630136,0.47946065755448836,0.5211065476009035,0.3136949999999985,0.10056920362069695,1.0,0.489311283934106,0.8994253974827293,0.0,0.9999939974297128,,1.0,,0.997610946418178,0.4886582360037512,0.10181137284773892,0.4900165764482697,0.8981831423454123,0.0,0.9999938934799629,,1.0,,0.9975975733644099,0.4893577539822514
3.98112156,-3.6811215600000002,4.28112156,27216,13976,13240,0.48647854203409757,1479,11761,1355,11741,20,124,13974,0,2,0,1.0,0.0,0.9998568975386377,0.9998568975386377,146,27070,144,13096,0.9863013698630136,0.4837827853712597,0.5512285205186297,0.3136949999999985,0.10865659525323912,1.0,0.4939032321593292,0.8913390132507825,0.0,0.999995073171625,,1.0,,0.9980567289901578,0.49325551109636895,0.10994814857480496,0.49463656451816795,0.8900473892885377,0.0,0.9999949866553839,,1.0,,0.998045518055102,0.4939831572192346
4.09170827,-3.79170827,4.39170827,27216,13865,13351,0.4905570252792475,1590,11761,1466,11741,20,124,13863,0,2,0,1.0,0.0,0.9998557518932564,0.9998557518932564,146,27070,144,13207,0.9863013698630136,0.4878832656076838,0.5802395987191964,0.3153549999999994,0.11720116586439856,1.0,0.49875476249641937,0.8827952688843237,0.0,0.9999959614227615,,1.0,,0.9984223486746231,0.49811280479488484,0.1185418776635227,0.4995160065966496,0.8814544991228733,0.0,0.9999958895226987,,1.0,,0.9984129787778172,0.4988684556924621
4.20229498,-3.9022949799999997,4.502294979999999,27216,13749,13467,0.4948192239858907,1706,11761,1582,11741,20,124,13747,0,2,0,1.0,0.0,0.9998545348752637,0.9998545348752637,146,27070,144,13323,0.9863013698630136,0.4921684521610639,0.610946382267765,0.3153549999999994,0.1262108763473828,1.0,0.5038703950689339,0.8737862347198702,0.0,0.9999966937872437,,1.0,,0.9987216248666873,0.5032346252754352,0.12760037793574958,0.5046593415726461,0.8723966856726886,0.0,0.9999966341210065,,1.0,,0.9987138170048157,0.5040180760606802
4.31288169,-4.01288169,4.61288169,27216,13613,13603,0.49981628453850674,1842,11761,1718,11741,20,124,13611,0,2,0,1.0,0.0,0.9998530816131639,0.9998530816131639,146,27070,144,13459,0.9863013698630136,0.4971924639822682,0.6473795817711774,0.3153549999999994,0.13569221472561216,1.0,0.509253813718213,0.8643054488387405,0.0,0.9999972967550597,,1.0,,0.998966109115859,0.5086246462711683,0.13712998669478696,0.5100701677099699,0.8628676380932051,0.0,0.999997247311911,,1.0,,0.9989596219611087,0.5094356062157119
4.4234684,-4.1234684,4.7234684,27216,13450,13766,0.5058054085831863,2005,11761,1881,11741,20,124,13448,0,2,0,1.0,0.0,0.9998513011152417,0.9998513011152417,146,27070,144,13622,0.9863013698630136,0.5032138899150351,0.6914468537217293,0.3170149999999986,0.14565007905509142,1.0,0.5149077995163994,0.8543480349574388,0.0,0.9999977924882727,,1.0,,0.9991654359259738,0.5142856400491468,0.1471354444174961,0.5157511766087436,0.8528626379798872,0.0,0.9999977515742633,,1.0,,0.9991600616521163,0.5151237287025486
4.53405511,-4.23405511,4.8340551099999995,27216,13289,13927,0.5117210464432687,2166,11761,2042,11741,20,124,13287,0,2,0,1.0,0.0,0.9998494995861239,0.9998494995861239,146,27070,144,13783,0.9863013698630136,0.5091614333210196,0.7352405698164232,0.3181908333333333,0.15608766696821602,1.0,0.5208341680504057,0.843910813562714,0.0,0.9999981994941768,,1.0,,0.999327623158821,0.520219414227789,0.15761978519760875,0.5217040910000973,0.8423786696115848,0.0,0.9999981656848306,,1.0,,0.9993231835408639,0.5210841580430383
4.64464182,-4.3446418200000005,4.94464182,27216,13133,14083,0.5174529688418578,2322,11761,2198,11741,20,124,13131,0,2,0,1.0,0.0,0.9998477118708596,0.9998477118708596,146,27070,144,13939,0.9863013698630136,0.5149242704100481,0.7779369128263386,0.3181908333333333,0.16700637335158536,1.0,0.5270337113242962,0.8329924048135531,0.0,0.9999985332002281,,1.0,,0.9994593286030591,0.5264267532749779,0.16858423542764653,0.5279296072186735,0.8314145218550549,0.0,0.9999985052998134,,1.0,,0.9994556714172913,0.5273175828003155
4.75522853,-4.45522853,5.05522853,27216,12954,14262,0.5240299823633157,2501,11761,2377,11741,20,124,12952,0,2,0,1.0,0.0,0.9998456075343524,0.9998456075343524,146,27070,144,14118,0.9863013698630136,0.5215367565570742,0.8271841285700924,0.3244158333333323,0.1784056976224469,1.0,0.5335061451116869,0.8215933217586431,0.0,0.9999988064438772,,1.0,,0.9995660685313672,0.5329073655120249,0.18002812217716546,0.5344273431806194,0.8199708802864016,0.0,0.999998783450433,,1.0,,0.9995630642678446,0.5338236132051836
4.86581524,-4.56581524,5.16581524,27216,12775,14441,0.5306069958847737,2680,11761,2556,11741,20,124,12773,0,2,0,1.0,0.0,0.9998434442270059,0.9998434442270059,146,27070,144,14297,0.9863013698630136,0.5281492427041005,0.8765504194077045,0.32552249999999877,0.19028316201865622,1.0,0.5402500625615188,0.8097160524660503,0.0,0.9999990298888987,,1.0,,0.9996524033939082,0.539659836421264,0.1919487926735796,0.5411957926655212,0.8080504081349114,0.0,0.9999990109642782,,1.0,,0.9996499422821739,0.5406007351372808
4.97640195,-4.67640195,5.2764019499999995,27216,12594,14622,0.5372574955908289,2861,11761,2737,11741,20,124,12592,0,2,0,1.0,0.0,0.9998411942194696,0.9998411942194696,146,27070,144,14478,0.9863013698630136,0.5348356113779091,0.9266451155792638,0.32552249999999877,0.20263424224520138,1.0,0.5472628948197786,0.7973651297323145,0.0,0.9999992123784124,,1.0,,0.9997220951828709,0.5466815890150037,0.20434154621834402,0.5482322866590267,0.795657814726835,0.0,0.9999991968226846,,1.0,,0.9997200845233689,0.5476462712128746
5.08698866,-4.7869886600000005,5.38698866,27216,12384,14832,0.544973544973545,3071,11761,2947,11741,20,124,12382,0,2,0,1.0,0.0,0.9998385012919897,0.9998385012919897,146,27070,144,14688,0.9863013698630136,0.5425932766900629,0.9847825346098521,0.3255916666666654,0.215452311726568,1.0,0.5545408793764938,0.7845471871306813,0.0,0.9999993612335385,,1.0,,0.9997782404483436,0.5539688519709597,0.2171995797759388,0.5555329624587588,0.7827999102007508,0.0,0.9999993484631622,,1.0,,0.9997766022360386,0.5549563496776477
5.19757537,-4.89757537,5.49757537,27216,12188,15028,0.55217519106408,3267,11761,3143,11741,20,124,12186,0,2,0,1.0,0.0,0.9998359041680341,0.9998359041680341,146,27070,144,14884,0.9863013698630136,0.5498337643147395,1.0390047176936381,0.326836666666665,0.22872860059897854,1.0,0.5620790367818935,0.7712710002722997,0.0,0.9999994825054811,,1.0,,0.9998233824468777,0.5615166361744173,0.23051394835645497,0.5630927411799052,0.7694856453816425,0.0,0.9999994720347412,,1.0,,0.9998220512695566,0.5625258817371682
5.30816208,-5.00816208,5.60816208,27216,11953,15263,0.5608098177542622,3502,11761,3378,11741,20,124,11951,0,2,0,1.0,0.0,0.9998326779887894,0.9998326779887894,146,27070,144,15119,0.9863013698630136,0.5585149612116734,1.1039458438162,0.3269058333333332,0.24245217044081963,1.0,0.5698711562985738,0.7575475122889352,0.0,0.9999995811878368,,1.0,,0.9998596054572998,0.569318720230788,0.2442740279944936,0.5709055906304714,0.755725649017909,0.0,0.9999995726128128,,1.0,,0.9998585266485369,0.5703488246505979
5.41874879,-5.118748790000001,5.71874879,27216,11702,15514,0.5700323339212228,3753,11761,3629,11741,20,124,11700,0,2,0,1.0,0.0,0.9998290890446078,0.9998290890446078,146,27070,144,15370,0.9863013698630136,0.5677872183228666,1.1728835923466971,0.3275283333333318,0.2566099055846716,1.0,0.5779097909685453,0.7433898426997377,0.0,0.9999996613950164,,1.0,,0.9998886139000372,0.5773676454246701,0.2584660135573489,0.5789636723802805,0.7415337301543438,0.0,0.9999996543809022,,1.0,,0.9998877419254836,0.5784173275896183
5.5293355,-5.2293355,5.8293355,27216,11483,15733,0.5780790711346266,3972,11761,3848,11741,20,124,11481,0,2,0,1.0,0.0,0.9998258294870679,0.9998258294870679,146,27070,144,15589,0.9863013698630136,0.5758773550055412,1.2327830737409686,0.3275283333333318,0.27118652168207635,1.0,0.5861862624762318,0.7288132789960877,0.0,0.9999997265118692,,1.0,,0.9999117985426297,0.5856547205040363,0.27307445023645616,0.5872582113280407,0.7269253467923205,0.0,0.9999997207812774,,1.0,,0.9999110955979067,0.5867226022479609
